"first_name","last_name","birth_date","employed_at"
"Millie","Ward","1978-07-28",""
"Weston","Herman","1963-11-26","Langworth Inc"
"Delores","Ondricka","1966-09-28",""
"Darren","Jacobson","1969-01-03","Terry Group"
"Lemuel","Farrell","1988-12-18","Kautzer-Crona"
"Marisa","Brakus","1993-10-18","Kovacek-Schaden"
"Barton","Welch","1939-08-23",""
"Adriel","Aufderhar","1948-12-05","Oberbrunner, Schuster and Schimmel"
"Corine","Hoppe","1996-11-23",""
"Marco","Hodkiewicz","1979-11-14",""
"Darryl","Brekke","1935-04-09","Schowalter, Yost and Altenwerth"
"Mario","O'Reilly","1976-03-19","Kris Inc"
"Sheila","Lowe","1991-01-25","Bartoletti LLC"
"Madaline","Mosciski","1965-12-30","Pagac-Christiansen"
"Roel","Nolan","1994-06-01","Bednar Group"
"Humberto","Rohan","1968-11-05","Dietrich, Cummerata and Koelpin"
"Will","Krajcik","1942-01-13",""
"Kaitlin","Connelly","1972-09-07","Bahringer, Witting and Kerluke"
"Hilma","Kuhn","1953-03-16",""
"Megane","Rippin","1944-01-25",""
"Nickolas","Cummings","1965-01-09","Wolff, Wyman and Welch"
"Mallie","Roob","1988-02-05",""
"Kay","Johns","1959-11-03","Senger LLC"
"Eleanora","Willms","1988-10-25","Gottlieb and Sons"
"Cloyd","Osinski","1995-06-01",""
"Jody","Leffler","1954-12-11",""
"Marley","Friesen","1992-11-06","Berge, Marquardt and Lesch"
"Jalon","Boyle","1992-01-19",""
"Unique","Marquardt","1971-10-08","Parisian-Kub"
"Carolanne","Hoppe","1974-12-06",""
"Webster","Harvey","1984-06-16",""
"Demetrius","Kautzer","1951-01-19",""
"Felicia","Carroll","1939-11-07",""
"Hayden","Schamberger","1946-01-28",""
"Afton","Gaylord","1946-10-20","Parker-Stark"
"Kelly","Lemke","1949-11-18",""
"Adalberto","Gottlieb","1972-10-14",""
"Krystel","Daniel","1950-05-28","Howell, Purdy and Goldner"
"Darryl","Bogisich","1954-11-26","Lowe, Larkin and Spinka"
"Carleton","Kris","1995-04-02",""
"Rex","Yundt","1938-07-08",""
"Kaelyn","Runolfsdottir","1986-03-24",""
"Kirk","Spinka","1944-10-29",""
"Reese","Franecki","1992-04-11",""
"Margret","Romaguera","1955-05-11","McDermott, Lang and Yost"
"Devan","Connelly","1976-08-07","Rempel, Kuhic and Smitham"
"Tyrese","Bauch","1972-09-29","Konopelski, Simonis and Wiegand"
"Salvador","Schmitt","1935-05-14","O'Keefe LLC"
"Alessia","Howe","1989-10-10",""
"Betty","Wunsch","1970-02-19",""
"Lacy","Brown","1970-06-07",""
"Nico","Walsh","1978-05-22",""
"Cristal","Kautzer","1987-01-30",""
"Reece","Batz","1971-10-25",""
"Melba","D'Amore","1999-09-10","Langosh, Bartoletti and Lang"
"Deangelo","Nitzsche","1988-03-12","Daniel-Murphy"
"Mabelle","Welch","1939-01-19","Weimann-Luettgen"
"Wilmer","Farrell","1948-08-17","Wilderman LLC"
"Horace","DuBuque","1983-01-22",""
"Lloyd","Friesen","1976-04-06","Satterfield, Braun and Cummings"
"Shad","Orn","1991-05-21",""
"Ervin","Kozey","1944-11-02","Sawayn and Sons"
"Crystal","Ratke","1933-12-30",""
"Audie","Mayert","1937-04-14","Weissnat-Dooley"
"Kailyn","Deckow","1939-10-11","Lynch LLC"
"Jamison","Gislason","1987-03-24","West Group"
"Julie","Abbott","1936-10-30","Botsford Group"
"Nichole","Crist","1974-08-15",""
"Adrien","Fritsch","1983-09-14","Hane-Zieme"
"Hosea","Marks","1966-03-18","Kunze, Schmidt and Spencer"
"Gavin","Bogan","1998-06-04",""
"Taya","Corwin","1959-11-09","McLaughlin-Buckridge"
"Guiseppe","Jerde","1946-08-02",""
"Genevieve","Stracke","1968-07-06",""
"Reba","Miller","1993-03-16",""
"Chasity","Eichmann","1945-08-30","Boyer Inc"
"Reggie","Osinski","1987-07-30",""
"Hilda","Rice","1962-08-11","Labadie Inc"
"Emmanuel","Kertzmann","1967-11-18",""
"Buck","Bode","1992-06-21",""
"Kelli","Jacobs","1935-01-18",""
"Foster","Rippin","1992-08-16",""
"Serena","Lebsack","1997-04-07","Hegmann, Hickle and MacGyver"
"Vickie","Dooley","1945-04-09","Lockman-Smith"
"Zechariah","Emard","1956-12-01",""
"Prince","Roob","1995-12-12",""
"Jordon","Nolan","1983-05-16","Auer and Sons"
"Mekhi","Dietrich","1951-12-20",""
"Creola","Braun","1976-08-03",""
"Jena","Bahringer","1967-10-01",""
"Alisha","Cartwright","1955-12-19",""
"Madyson","Blick","1981-11-18",""
"Caroline","Simonis","1969-12-30",""
"Kelley","Kunde","1950-10-26","Ward-Paucek"
"Kelton","Considine","1946-03-05","Rosenbaum, Doyle and Hirthe"
"Eileen","Anderson","1934-10-09","Gutmann-Price"
"Dino","Ritchie","1967-10-02",""
"Quinn","Crist","1945-12-27",""
"Baron","Lueilwitz","1940-04-06","Hagenes Group"
"Candida","Swaniawski","1957-07-27","Kuhic LLC"
